Country or Area,Year,Variant,Value
Cabo Verde,2100,Medium,667.365
Cabo Verde,2100,High,996.995
Cabo Verde,2100,Low,430.478
Cabo Verde,2100,Constant fertility,749.318
Cabo Verde,2100,Instant replacement,876.578
Cabo Verde,2100,Zero migration,711.729
Cabo Verde,2100,Constant mortality,546.362
Cabo Verde,2100,No change,623.982
Cabo Verde,2100,Momentum,789.303
Cabo Verde,2100,Instant replacement zero migration,928.889
Cabo Verde,2100,Median PI,667.364
Cabo Verde,2100,Upper 80 PI,852.438
Cabo Verde,2100,Lower 80 PI,527.32
Cabo Verde,2100,Upper 95 PI,996.19
Cabo Verde,2100,Lower 95 PI,459.597
Cabo Verde,2099,Medium,670.697
Cabo Verde,2099,High,993.633
Cabo Verde,2099,Low,437.267
Cabo Verde,2099,Constant fertility,750.927
Cabo Verde,2099,Instant replacement,875.784
Cabo Verde,2099,Zero migration,714.764
Cabo Verde,2099,Constant mortality,550.52
Cabo Verde,2099,No change,626.657
Cabo Verde,2099,Momentum,789.606
Cabo Verde,2099,Instant replacement zero migration,927.578
Cabo Verde,2099,Median PI,670.696
Cabo Verde,2099,Upper 80 PI,851.949
Cabo Verde,2099,Lower 80 PI,532.408
Cabo Verde,2099,Upper 95 PI,991.714
Cabo Verde,2099,Lower 95 PI,465.859
Cabo Verde,2098,Medium,674.041
Cabo Verde,2098,High,990.317
Cabo Verde,2098,Low,444.079
Cabo Verde,2098,Constant fertility,752.536
Cabo Verde,2098,Instant replacement,874.993
Cabo Verde,2098,Zero migration,717.806
Cabo Verde,2098,Constant mortality,554.703
Cabo Verde,2098,No change,629.338
Cabo Verde,2098,Momentum,789.91
Cabo Verde,2098,Instant replacement zero migration,926.282
Cabo Verde,2098,Median PI,674.041
Cabo Verde,2098,Upper 80 PI,851.754
Cabo Verde,2098,Lower 80 PI,537.855
Cabo Verde,2098,Upper 95 PI,985.353
Cabo Verde,2098,Lower 95 PI,472.032
Cabo Verde,2097,Medium,677.391
Cabo Verde,2097,High,987.062
Cabo Verde,2097,Low,450.921
Cabo Verde,2097,Constant fertility,754.144
Cabo Verde,2097,Instant replacement,874.212
Cabo Verde,2097,Zero migration,720.862
Cabo Verde,2097,Constant mortality,558.912
Cabo Verde,2097,No change,632.025
Cabo Verde,2097,Momentum,790.217
Cabo Verde,2097,Instant replacement zero migration,925.001
Cabo Verde,2097,Median PI,677.391
Cabo Verde,2097,Upper 80 PI,851.931
Cabo Verde,2097,Lower 80 PI,543.415
Cabo Verde,2097,Upper 95 PI,978.928
Cabo Verde,2097,Lower 95 PI,478.15
Cabo Verde,2096,Medium,680.747
Cabo Verde,2096,High,983.866
Cabo Verde,2096,Low,457.794
Cabo Verde,2096,Constant fertility,755.766
Cabo Verde,2096,Instant replacement,873.452
Cabo Verde,2096,Zero migration,723.931
Cabo Verde,2096,Constant mortality,563.14
Cabo Verde,2096,No change,634.727
Cabo Verde,2096,Momentum,790.518
Cabo Verde,2096,Instant replacement zero migration,923.744
Cabo Verde,2096,Median PI,680.747
Cabo Verde,2096,Upper 80 PI,851.888
Cabo Verde,2096,Lower 80 PI,548.703
Cabo Verde,2096,Upper 95 PI,972.218
Cabo Verde,2096,Lower 95 PI,484.356
Cabo Verde,2095,Medium,684.106
Cabo Verde,2095,High,980.712
Cabo Verde,2095,Low,464.678
Cabo Verde,2095,Constant fertility,757.398
Cabo Verde,2095,Instant replacement,872.707
Cabo Verde,2095,Zero migration,727
Cabo Verde,2095,Constant mortality,567.378
Cabo Verde,2095,No change,637.431
Cabo Verde,2095,Momentum,790.812
Cabo Verde,2095,Instant replacement zero migration,922.507
Cabo Verde,2095,Median PI,684.105
Cabo Verde,2095,Upper 80 PI,851.785
Cabo Verde,2095,Lower 80 PI,553.951
Cabo Verde,2095,Upper 95 PI,967.665
Cabo Verde,2095,Lower 95 PI,490.619
Cabo Verde,2094,Medium,687.454
Cabo Verde,2094,High,977.581
Cabo Verde,2094,Low,471.562
Cabo Verde,2094,Constant fertility,759.035
Cabo Verde,2094,Instant replacement,871.977
Cabo Verde,2094,Zero migration,730.057
Cabo Verde,2094,Constant mortality,571.616
Cabo Verde,2094,No change,640.145
Cabo Verde,2094,Momentum,791.106
Cabo Verde,2094,Instant replacement zero migration,921.288
Cabo Verde,2094,Median PI,687.454
Cabo Verde,2094,Upper 80 PI,851.397
Cabo Verde,2094,Lower 80 PI,559.533
Cabo Verde,2094,Upper 95 PI,964.392
Cabo Verde,2094,Lower 95 PI,496.429
Cabo Verde,2093,Medium,690.789
Cabo Verde,2093,High,974.482
Cabo Verde,2093,Low,478.449
Cabo Verde,2093,Constant fertility,760.683
Cabo Verde,2093,Instant replacement,871.273
Cabo Verde,2093,Zero migration,733.104
Cabo Verde,2093,Constant mortality,575.847
Cabo Verde,2093,No change,642.875
Cabo Verde,2093,Momentum,791.408
Cabo Verde,2093,Instant replacement zero migration,920.09
Cabo Verde,2093,Median PI,690.789
Cabo Verde,2093,Upper 80 PI,851.189
Cabo Verde,2093,Lower 80 PI,564.357
Cabo Verde,2093,Upper 95 PI,961.05
Cabo Verde,2093,Lower 95 PI,501.606
Cabo Verde,2092,Medium,694.13
Cabo Verde,2092,High,971.434
Cabo Verde,2092,Low,485.348
Cabo Verde,2092,Constant fertility,762.342
Cabo Verde,2092,Instant replacement,870.588
Cabo Verde,2092,Zero migration,736.152
Cabo Verde,2092,Constant mortality,580.087
Cabo Verde,2092,No change,645.609
Cabo Verde,2092,Momentum,791.724
Cabo Verde,2092,Instant replacement zero migration,918.92
Cabo Verde,2092,Median PI,694.13
Cabo Verde,2092,Upper 80 PI,851.015
Cabo Verde,2092,Lower 80 PI,568.948
Cabo Verde,2092,Upper 95 PI,957.65
Cabo Verde,2092,Lower 95 PI,506.914
Cabo Verde,2091,Medium,697.463
Cabo Verde,2091,High,968.418
Cabo Verde,2091,Low,492.248
Cabo Verde,2091,Constant fertility,764.013
Cabo Verde,2091,Instant replacement,869.919
Cabo Verde,2091,Zero migration,739.186
Cabo Verde,2091,Constant mortality,584.332
Cabo Verde,2091,No change,648.35
Cabo Verde,2091,Momentum,792.053
Cabo Verde,2091,Instant replacement zero migration,917.778
Cabo Verde,2091,Median PI,697.464
Cabo Verde,2091,Upper 80 PI,850.78
Cabo Verde,2091,Lower 80 PI,574.409
Cabo Verde,2091,Upper 95 PI,954.249
Cabo Verde,2091,Lower 95 PI,513.019
Cabo Verde,2090,Medium,700.778
Cabo Verde,2090,High,965.434
Cabo Verde,2090,Low,499.138
Cabo Verde,2090,Constant fertility,765.689
Cabo Verde,2090,Instant replacement,869.273
Cabo Verde,2090,Zero migration,742.199
Cabo Verde,2090,Constant mortality,588.569
Cabo Verde,2090,No change,651.098
Cabo Verde,2090,Momentum,792.39
Cabo Verde,2090,Instant replacement zero migration,916.653
Cabo Verde,2090,Median PI,700.778
Cabo Verde,2090,Upper 80 PI,850.406
Cabo Verde,2090,Lower 80 PI,579.991
Cabo Verde,2090,Upper 95 PI,951.041
Cabo Verde,2090,Lower 95 PI,518.764
Cabo Verde,2089,Medium,704.082
Cabo Verde,2089,High,962.505
Cabo Verde,2089,Low,506.019
Cabo Verde,2089,Constant fertility,767.361
Cabo Verde,2089,Instant replacement,868.646
Cabo Verde,2089,Zero migration,745.205
Cabo Verde,2089,Constant mortality,592.82
Cabo Verde,2089,No change,653.855
Cabo Verde,2089,Momentum,792.74
Cabo Verde,2089,Instant replacement zero migration,915.539
Cabo Verde,2089,Median PI,704.082
Cabo Verde,2089,Upper 80 PI,850.708
Cabo Verde,2089,Lower 80 PI,585.259
Cabo Verde,2089,Upper 95 PI,948.197
Cabo Verde,2089,Lower 95 PI,524.449
Cabo Verde,2088,Medium,707.379
Cabo Verde,2088,High,959.638
Cabo Verde,2088,Low,512.885
Cabo Verde,2088,Constant fertility,769.023
Cabo Verde,2088,Instant replacement,868.028
Cabo Verde,2088,Zero migration,748.201
Cabo Verde,2088,Constant mortality,597.091
Cabo Verde,2088,No change,656.622
Cabo Verde,2088,Momentum,793.115
Cabo Verde,2088,Instant replacement zero migration,914.431
Cabo Verde,2088,Median PI,707.378
Cabo Verde,2088,Upper 80 PI,851.47
Cabo Verde,2088,Lower 80 PI,589.886
Cabo Verde,2088,Upper 95 PI,945.779
Cabo Verde,2088,Lower 95 PI,530.248
Cabo Verde,2087,Medium,710.659
Cabo Verde,2087,High,956.816
Cabo Verde,2087,Low,519.726
Cabo Verde,2087,Constant fertility,770.666
Cabo Verde,2087,Instant replacement,867.408
Cabo Verde,2087,Zero migration,751.169
Cabo Verde,2087,Constant mortality,601.372
Cabo Verde,2087,No change,659.4
Cabo Verde,2087,Momentum,793.516
Cabo Verde,2087,Instant replacement zero migration,913.324
Cabo Verde,2087,Median PI,710.659
Cabo Verde,2087,Upper 80 PI,851.515
Cabo Verde,2087,Lower 80 PI,595.127
Cabo Verde,2087,Upper 95 PI,943.117
Cabo Verde,2087,Lower 95 PI,535.792
Cabo Verde,2086,Medium,713.881
Cabo Verde,2086,High,953.994
Cabo Verde,2086,Low,526.518
Cabo Verde,2086,Constant fertility,772.285
Cabo Verde,2086,Instant replacement,866.788
Cabo Verde,2086,Zero migration,754.075
Cabo Verde,2086,Constant mortality,605.652
Cabo Verde,2086,No change,662.196
Cabo Verde,2086,Momentum,793.938
Cabo Verde,2086,Instant replacement zero migration,912.214
Cabo Verde,2086,Median PI,713.881
Cabo Verde,2086,Upper 80 PI,851.216
Cabo Verde,2086,Lower 80 PI,600.275
Cabo Verde,2086,Upper 95 PI,940.205
Cabo Verde,2086,Lower 95 PI,541.119
Cabo Verde,2085,Medium,717.034
Cabo Verde,2085,High,951.163
Cabo Verde,2085,Low,533.242
Cabo Verde,2085,Constant fertility,773.875
Cabo Verde,2085,Instant replacement,866.158
Cabo Verde,2085,Zero migration,756.905
Cabo Verde,2085,Constant mortality,609.923
Cabo Verde,2085,No change,665.005
Cabo Verde,2085,Momentum,794.393
Cabo Verde,2085,Instant replacement zero migration,911.098
Cabo Verde,2085,Median PI,717.034
Cabo Verde,2085,Upper 80 PI,851.334
Cabo Verde,2085,Lower 80 PI,605.87
Cabo Verde,2085,Upper 95 PI,938.027
Cabo Verde,2085,Lower 95 PI,546.533
Cabo Verde,2084,Medium,720.139
Cabo Verde,2084,High,948.348
Cabo Verde,2084,Low,539.901
Cabo Verde,2084,Constant fertility,775.41
Cabo Verde,2084,Instant replacement,865.505
Cabo Verde,2084,Zero migration,759.671
Cabo Verde,2084,Constant mortality,614.205
Cabo Verde,2084,No change,667.832
Cabo Verde,2084,Momentum,794.88
Cabo Verde,2084,Instant replacement zero migration,909.955
Cabo Verde,2084,Median PI,720.139
Cabo Verde,2084,Upper 80 PI,851.617
Cabo Verde,2084,Lower 80 PI,611.79
Cabo Verde,2084,Upper 95 PI,936.029
Cabo Verde,2084,Lower 95 PI,552.607
Cabo Verde,2083,Medium,723.16
Cabo Verde,2083,High,945.527
Cabo Verde,2083,Low,546.482
Cabo Verde,2083,Constant fertility,776.889
Cabo Verde,2083,Instant replacement,864.826
Cabo Verde,2083,Zero migration,762.343
Cabo Verde,2083,Constant mortality,618.482
Cabo Verde,2083,No change,670.671
Cabo Verde,2083,Momentum,795.391
Cabo Verde,2083,Instant replacement zero migration,908.765
Cabo Verde,2083,Median PI,723.16
Cabo Verde,2083,Upper 80 PI,851.057
Cabo Verde,2083,Lower 80 PI,616.694
Cabo Verde,2083,Upper 95 PI,934.009
Cabo Verde,2083,Lower 95 PI,558.534
Cabo Verde,2082,Medium,726.081
Cabo Verde,2082,High,942.671
Cabo Verde,2082,Low,552.96
Cabo Verde,2082,Constant fertility,778.303
Cabo Verde,2082,Instant replacement,864.105
Cabo Verde,2082,Zero migration,764.913
Cabo Verde,2082,Constant mortality,622.752
Cabo Verde,2082,No change,673.523
Cabo Verde,2082,Momentum,795.929
Cabo Verde,2082,Instant replacement zero migration,907.534
Cabo Verde,2082,Median PI,726.08
Cabo Verde,2082,Upper 80 PI,850.437
Cabo Verde,2082,Lower 80 PI,621.795
Cabo Verde,2082,Upper 95 PI,932.219
Cabo Verde,2082,Lower 95 PI,564.048
Cabo Verde,2081,Medium,728.908
Cabo Verde,2081,High,939.79
Cabo Verde,2081,Low,559.335
Cabo Verde,2081,Constant fertility,779.633
Cabo Verde,2081,Instant replacement,863.331
Cabo Verde,2081,Zero migration,767.381
Cabo Verde,2081,Constant mortality,627.014
Cabo Verde,2081,No change,676.377
Cabo Verde,2081,Momentum,796.485
Cabo Verde,2081,Instant replacement zero migration,906.252
Cabo Verde,2081,Median PI,728.908
Cabo Verde,2081,Upper 80 PI,850.081
Cabo Verde,2081,Lower 80 PI,626.681
Cabo Verde,2081,Upper 95 PI,930.337
Cabo Verde,2081,Lower 95 PI,570.197
Cabo Verde,2080,Medium,731.628
Cabo Verde,2080,High,936.881
Cabo Verde,2080,Low,565.601
Cabo Verde,2080,Constant fertility,780.866
Cabo Verde,2080,Instant replacement,862.491
Cabo Verde,2080,Zero migration,769.727
Cabo Verde,2080,Constant mortality,631.265
Cabo Verde,2080,No change,679.231
Cabo Verde,2080,Momentum,797.053
Cabo Verde,2080,Instant replacement zero migration,904.89
Cabo Verde,2080,Median PI,731.628
Cabo Verde,2080,Upper 80 PI,849.197
Cabo Verde,2080,Lower 80 PI,631
Cabo Verde,2080,Upper 95 PI,928.262
Cabo Verde,2080,Lower 95 PI,576.543
Cabo Verde,2079,Medium,734.216
Cabo Verde,2079,High,933.918
Cabo Verde,2079,Low,571.732
Cabo Verde,2079,Constant fertility,781.991
Cabo Verde,2079,Instant replacement,861.573
Cabo Verde,2079,Zero migration,771.929
Cabo Verde,2079,Constant mortality,635.492
Cabo Verde,2079,No change,682.077
Cabo Verde,2079,Momentum,797.628
Cabo Verde,2079,Instant replacement zero migration,903.438
Cabo Verde,2079,Median PI,734.216
Cabo Verde,2079,Upper 80 PI,848.12
Cabo Verde,2079,Lower 80 PI,635.338
Cabo Verde,2079,Upper 95 PI,926
Cabo Verde,2079,Lower 95 PI,582.123
Cabo Verde,2078,Medium,736.65
Cabo Verde,2078,High,930.869
Cabo Verde,2078,Low,577.699
Cabo Verde,2078,Constant fertility,782.994
Cabo Verde,2078,Instant replacement,860.563
Cabo Verde,2078,Zero migration,773.971
Cabo Verde,2078,Constant mortality,639.664
Cabo Verde,2078,No change,684.892
Cabo Verde,2078,Momentum,798.187
Cabo Verde,2078,Instant replacement zero migration,901.895
Cabo Verde,2078,Median PI,736.65
Cabo Verde,2078,Upper 80 PI,846.852
Cabo Verde,2078,Lower 80 PI,639.787
Cabo Verde,2078,Upper 95 PI,923.945
Cabo Verde,2078,Lower 95 PI,587.196
Cabo Verde,2077,Medium,738.936
Cabo Verde,2077,High,927.741
Cabo Verde,2077,Low,583.511
Cabo Verde,2077,Constant fertility,783.865
Cabo Verde,2077,Instant replacement,859.444
Cabo Verde,2077,Zero migration,775.85
Cabo Verde,2077,Constant mortality,643.785
Cabo Verde,2077,No change,687.671
Cabo Verde,2077,Momentum,798.726
Cabo Verde,2077,Instant replacement zero migration,900.236
Cabo Verde,2077,Median PI,738.936
Cabo Verde,2077,Upper 80 PI,846.171
Cabo Verde,2077,Lower 80 PI,644.518
Cabo Verde,2077,Upper 95 PI,921.572
Cabo Verde,2077,Lower 95 PI,592.831
Cabo Verde,2076,Medium,741.056
Cabo Verde,2076,High,924.518
Cabo Verde,2076,Low,589.161
Cabo Verde,2076,Constant fertility,784.586
Cabo Verde,2076,Instant replacement,858.211
Cabo Verde,2076,Zero migration,777.553
Cabo Verde,2076,Constant mortality,647.847
Cabo Verde,2076,No change,690.403
Cabo Verde,2076,Momentum,799.225
Cabo Verde,2076,Instant replacement zero migration,898.452
Cabo Verde,2076,Median PI,741.056
Cabo Verde,2076,Upper 80 PI,845.792
Cabo Verde,2076,Lower 80 PI,648.853
Cabo Verde,2076,Upper 95 PI,918.422
Cabo Verde,2076,Lower 95 PI,598.135
Cabo Verde,2075,Medium,742.98
Cabo Verde,2075,High,921.168
Cabo Verde,2075,Low,594.622
Cabo Verde,2075,Constant fertility,785.143
Cabo Verde,2075,Instant replacement,856.842
Cabo Verde,2075,Zero migration,779.059
Cabo Verde,2075,Constant mortality,651.816
Cabo Verde,2075,No change,693.066
Cabo Verde,2075,Momentum,799.665
Cabo Verde,2075,Instant replacement zero migration,896.529
Cabo Verde,2075,Median PI,742.98
Cabo Verde,2075,Upper 80 PI,844.875
Cabo Verde,2075,Lower 80 PI,652.657
Cabo Verde,2075,Upper 95 PI,914.719
Cabo Verde,2075,Lower 95 PI,602.142
Cabo Verde,2074,Medium,744.718
Cabo Verde,2074,High,917.702
Cabo Verde,2074,Low,599.894
Cabo Verde,2074,Constant fertility,785.538
Cabo Verde,2074,Instant replacement,855.326
Cabo Verde,2074,Zero migration,780.37
Cabo Verde,2074,Constant mortality,655.681
Cabo Verde,2074,No change,695.645
Cabo Verde,2074,Momentum,800.036
Cabo Verde,2074,Instant replacement zero migration,894.458
Cabo Verde,2074,Median PI,744.718
Cabo Verde,2074,Upper 80 PI,844.224
Cabo Verde,2074,Lower 80 PI,656.459
Cabo Verde,2074,Upper 95 PI,910.434
Cabo Verde,2074,Lower 95 PI,606.62
Cabo Verde,2073,Medium,746.279
Cabo Verde,2073,High,914.125
Cabo Verde,2073,Low,604.972
Cabo Verde,2073,Constant fertility,785.764
Cabo Verde,2073,Instant replacement,853.663
Cabo Verde,2073,Zero migration,781.485
Cabo Verde,2073,Constant mortality,659.456
Cabo Verde,2073,No change,698.135
Cabo Verde,2073,Momentum,800.312
Cabo Verde,2073,Instant replacement zero migration,892.222
Cabo Verde,2073,Median PI,746.279
Cabo Verde,2073,Upper 80 PI,843.478
Cabo Verde,2073,Lower 80 PI,660.12
Cabo Verde,2073,Upper 95 PI,906.529
Cabo Verde,2073,Lower 95 PI,612.279
Cabo Verde,2072,Medium,747.653
Cabo Verde,2072,High,910.434
Cabo Verde,2072,Low,609.862
Cabo Verde,2072,Constant fertility,785.793
Cabo Verde,2072,Instant replacement,851.835
Cabo Verde,2072,Zero migration,782.413
Cabo Verde,2072,Constant mortality,663.113
Cabo Verde,2072,No change,700.5
Cabo Verde,2072,Momentum,800.483
Cabo Verde,2072,Instant replacement zero migration,889.814
Cabo Verde,2072,Median PI,747.652
Cabo Verde,2072,Upper 80 PI,841.827
Cabo Verde,2072,Lower 80 PI,664.029
Cabo Verde,2072,Upper 95 PI,903.438
Cabo Verde,2072,Lower 95 PI,617.811
Cabo Verde,2071,Medium,748.844
Cabo Verde,2071,High,906.626
Cabo Verde,2071,Low,614.564
Cabo Verde,2071,Constant fertility,785.638
Cabo Verde,2071,Instant replacement,849.834
Cabo Verde,2071,Zero migration,783.15
Cabo Verde,2071,Constant mortality,666.649
Cabo Verde,2071,No change,702.746
Cabo Verde,2071,Momentum,800.535
Cabo Verde,2071,Instant replacement zero migration,887.232
Cabo Verde,2071,Median PI,748.844
Cabo Verde,2071,Upper 80 PI,839.67
Cabo Verde,2071,Lower 80 PI,667.692
Cabo Verde,2071,Upper 95 PI,899.424
Cabo Verde,2071,Lower 95 PI,622.22
Cabo Verde,2070,Medium,749.832
Cabo Verde,2070,High,902.674
Cabo Verde,2070,Low,619.052
Cabo Verde,2070,Constant fertility,785.302
Cabo Verde,2070,Instant replacement,847.664
Cabo Verde,2070,Zero migration,783.659
Cabo Verde,2070,Constant mortality,670.043
Cabo Verde,2070,No change,704.859
Cabo Verde,2070,Momentum,800.444
Cabo Verde,2070,Instant replacement zero migration,884.457
Cabo Verde,2070,Median PI,749.832
Cabo Verde,2070,Upper 80 PI,837.546
Cabo Verde,2070,Lower 80 PI,670.827
Cabo Verde,2070,Upper 95 PI,893.847
Cabo Verde,2070,Lower 95 PI,626.189
Cabo Verde,2069,Medium,750.592
Cabo Verde,2069,High,898.544
Cabo Verde,2069,Low,623.317
Cabo Verde,2069,Constant fertility,784.76
Cabo Verde,2069,Instant replacement,845.311
Cabo Verde,2069,Zero migration,783.934
Cabo Verde,2069,Constant mortality,673.251
Cabo Verde,2069,No change,706.811
Cabo Verde,2069,Momentum,800.202
Cabo Verde,2069,Instant replacement zero migration,881.495
Cabo Verde,2069,Median PI,750.592
Cabo Verde,2069,Upper 80 PI,835.047
Cabo Verde,2069,Lower 80 PI,673.78
Cabo Verde,2069,Upper 95 PI,888.582
Cabo Verde,2069,Lower 95 PI,630.17
Cabo Verde,2068,Medium,751.133
Cabo Verde,2068,High,894.246
Cabo Verde,2068,Low,627.361
Cabo Verde,2068,Constant fertility,784.025
Cabo Verde,2068,Instant replacement,842.774
Cabo Verde,2068,Zero migration,783.996
Cabo Verde,2068,Constant mortality,676.279
Cabo Verde,2068,No change,708.601
Cabo Verde,2068,Momentum,799.793
Cabo Verde,2068,Instant replacement zero migration,878.356
Cabo Verde,2068,Median PI,751.132
Cabo Verde,2068,Upper 80 PI,832.078
Cabo Verde,2068,Lower 80 PI,676.411
Cabo Verde,2068,Upper 95 PI,884.876
Cabo Verde,2068,Lower 95 PI,634.058
Cabo Verde,2067,Medium,751.476
Cabo Verde,2067,High,889.805
Cabo Verde,2067,Low,631.192
Cabo Verde,2067,Constant fertility,783.089
Cabo Verde,2067,Instant replacement,840.048
Cabo Verde,2067,Zero migration,783.855
Cabo Verde,2067,Constant mortality,679.134
Cabo Verde,2067,No change,710.215
Cabo Verde,2067,Momentum,799.201
Cabo Verde,2067,Instant replacement zero migration,875.027
Cabo Verde,2067,Median PI,751.476
Cabo Verde,2067,Upper 80 PI,829.369
Cabo Verde,2067,Lower 80 PI,679.037
Cabo Verde,2067,Upper 95 PI,881.444
Cabo Verde,2067,Lower 95 PI,637.891
Cabo Verde,2066,Medium,751.606
Cabo Verde,2066,High,885.202
Cabo Verde,2066,Low,634.806
Cabo Verde,2066,Constant fertility,781.966
Cabo Verde,2066,Instant replacement,837.144
Cabo Verde,2066,Zero migration,783.489
Cabo Verde,2066,Constant mortality,681.78
Cabo Verde,2066,No change,711.648
Cabo Verde,2066,Momentum,798.43
Cabo Verde,2066,Instant replacement zero migration,871.513
Cabo Verde,2066,Median PI,751.606
Cabo Verde,2066,Upper 80 PI,827.015
Cabo Verde,2066,Lower 80 PI,681.316
Cabo Verde,2066,Upper 95 PI,878.03
Cabo Verde,2066,Lower 95 PI,641.104
Cabo Verde,2065,Medium,751.506
Cabo Verde,2065,High,880.41
Cabo Verde,2065,Low,638.186
Cabo Verde,2065,Constant fertility,780.663
Cabo Verde,2065,Instant replacement,834.067
Cabo Verde,2065,Zero migration,782.889
Cabo Verde,2065,Constant mortality,684.192
Cabo Verde,2065,No change,712.889
Cabo Verde,2065,Momentum,797.471
Cabo Verde,2065,Instant replacement zero migration,867.826
Cabo Verde,2065,Median PI,751.506
Cabo Verde,2065,Upper 80 PI,824.688
Cabo Verde,2065,Lower 80 PI,682.952
Cabo Verde,2065,Upper 95 PI,873.8
Cabo Verde,2065,Lower 95 PI,644.102
Cabo Verde,2064,Medium,751.184
Cabo Verde,2064,High,875.443
Cabo Verde,2064,Low,641.337
Cabo Verde,2064,Constant fertility,779.165
Cabo Verde,2064,Instant replacement,830.81
Cabo Verde,2064,Zero migration,782.063
Cabo Verde,2064,Constant mortality,686.376
Cabo Verde,2064,No change,713.933
Cabo Verde,2064,Momentum,796.314
Cabo Verde,2064,Instant replacement zero migration,863.954
Cabo Verde,2064,Median PI,751.185
Cabo Verde,2064,Upper 80 PI,822.12
Cabo Verde,2064,Lower 80 PI,684.354
Cabo Verde,2064,Upper 95 PI,868.298
Cabo Verde,2064,Lower 95 PI,646.511
Cabo Verde,2063,Medium,750.66
Cabo Verde,2063,High,870.328
Cabo Verde,2063,Low,644.271
Cabo Verde,2063,Constant fertility,777.487
Cabo Verde,2063,Instant replacement,827.386
Cabo Verde,2063,Zero migration,781.034
Cabo Verde,2063,Constant mortality,688.345
Cabo Verde,2063,No change,714.778
Cabo Verde,2063,Momentum,794.964
Cabo Verde,2063,Instant replacement zero migration,859.914
Cabo Verde,2063,Median PI,750.66
Cabo Verde,2063,Upper 80 PI,818.999
Cabo Verde,2063,Lower 80 PI,685.601
Cabo Verde,2063,Upper 95 PI,862.955
Cabo Verde,2063,Lower 95 PI,647.611
Cabo Verde,2062,Medium,749.951
Cabo Verde,2062,High,865.087
Cabo Verde,2062,Low,646.991
Cabo Verde,2062,Constant fertility,775.639
Cabo Verde,2062,Instant replacement,823.806
Cabo Verde,2062,Zero migration,779.808
Cabo Verde,2062,Constant mortality,690.101
Cabo Verde,2062,No change,715.427
Cabo Verde,2062,Momentum,793.422
Cabo Verde,2062,Instant replacement zero migration,855.716
Cabo Verde,2062,Median PI,749.95
Cabo Verde,2062,Upper 80 PI,815.662
Cabo Verde,2062,Lower 80 PI,687.036
Cabo Verde,2062,Upper 95 PI,857.598
Cabo Verde,2062,Lower 95 PI,648.908
Cabo Verde,2061,Medium,749.047
Cabo Verde,2061,High,859.707
Cabo Verde,2061,Low,649.491
Cabo Verde,2061,Constant fertility,773.621
Cabo Verde,2061,Instant replacement,820.072
Cabo Verde,2061,Zero migration,778.389
Cabo Verde,2061,Constant mortality,691.63
Cabo Verde,2061,No change,715.87
Cabo Verde,2061,Momentum,791.685
Cabo Verde,2061,Instant replacement zero migration,851.365
Cabo Verde,2061,Median PI,749.046
Cabo Verde,2061,Upper 80 PI,812.165
Cabo Verde,2061,Lower 80 PI,688.336
Cabo Verde,2061,Upper 95 PI,852.158
Cabo Verde,2061,Lower 95 PI,651.016
Cabo Verde,2060,Medium,747.961
Cabo Verde,2060,High,854.217
Cabo Verde,2060,Low,651.776
Cabo Verde,2060,Constant fertility,771.433
Cabo Verde,2060,Instant replacement,816.187
Cabo Verde,2060,Zero migration,776.802
Cabo Verde,2060,Constant mortality,692.942
Cabo Verde,2060,No change,716.106
Cabo Verde,2060,Momentum,789.759
Cabo Verde,2060,Instant replacement zero migration,846.879
Cabo Verde,2060,Median PI,747.96
Cabo Verde,2060,Upper 80 PI,808.466
Cabo Verde,2060,Lower 80 PI,689.303
Cabo Verde,2060,Upper 95 PI,846.96
Cabo Verde,2060,Lower 95 PI,652.729
Cabo Verde,2059,Medium,746.696
Cabo Verde,2059,High,848.626
Cabo Verde,2059,Low,653.853
Cabo Verde,2059,Constant fertility,769.087
Cabo Verde,2059,Instant replacement,812.172
Cabo Verde,2059,Zero migration,775.028
Cabo Verde,2059,Constant mortality,694.031
Cabo Verde,2059,No change,716.138
Cabo Verde,2059,Momentum,787.653
Cabo Verde,2059,Instant replacement zero migration,842.259
Cabo Verde,2059,Median PI,746.696
Cabo Verde,2059,Upper 80 PI,804.946
Cabo Verde,2059,Lower 80 PI,690.169
Cabo Verde,2059,Upper 95 PI,841.549
Cabo Verde,2059,Lower 95 PI,654.229
Cabo Verde,2058,Medium,745.243
Cabo Verde,2058,High,842.918
Cabo Verde,2058,Low,655.706
Cabo Verde,2058,Constant fertility,766.588
Cabo Verde,2058,Instant replacement,808.029
Cabo Verde,2058,Zero migration,773.054
Cabo Verde,2058,Constant mortality,694.89
Cabo Verde,2058,No change,715.976
Cabo Verde,2058,Momentum,785.372
Cabo Verde,2058,Instant replacement zero migration,837.509
Cabo Verde,2058,Median PI,745.243
Cabo Verde,2058,Upper 80 PI,801.32
Cabo Verde,2058,Lower 80 PI,690.647
Cabo Verde,2058,Upper 95 PI,835.874
Cabo Verde,2058,Lower 95 PI,656.094
Cabo Verde,2057,Medium,743.605
Cabo Verde,2057,High,837.11
Cabo Verde,2057,Low,657.331
Cabo Verde,2057,Constant fertility,763.938
Cabo Verde,2057,Instant replacement,803.762
Cabo Verde,2057,Zero migration,770.903
Cabo Verde,2057,Constant mortality,695.53
Cabo Verde,2057,No change,715.627
Cabo Verde,2057,Momentum,782.923
Cabo Verde,2057,Instant replacement zero migration,832.641
Cabo Verde,2057,Median PI,743.605
Cabo Verde,2057,Upper 80 PI,797.122
Cabo Verde,2057,Lower 80 PI,690.986
Cabo Verde,2057,Upper 95 PI,830.116
Cabo Verde,2057,Lower 95 PI,658.072
Cabo Verde,2056,Medium,741.79
Cabo Verde,2056,High,831.219
Cabo Verde,2056,Low,658.736
Cabo Verde,2056,Constant fertility,761.141
Cabo Verde,2056,Instant replacement,799.38
Cabo Verde,2056,Zero migration,768.579
Cabo Verde,2056,Constant mortality,695.949
Cabo Verde,2056,No change,715.082
Cabo Verde,2056,Momentum,780.308
Cabo Verde,2056,Instant replacement zero migration,827.662
Cabo Verde,2056,Median PI,741.791
Cabo Verde,2056,Upper 80 PI,793.155
Cabo Verde,2056,Lower 80 PI,691.214
Cabo Verde,2056,Upper 95 PI,824.236
Cabo Verde,2056,Lower 95 PI,659.92
Cabo Verde,2055,Medium,739.804
Cabo Verde,2055,High,825.248
Cabo Verde,2055,Low,659.921
Cabo Verde,2055,Constant fertility,758.202
Cabo Verde,2055,Instant replacement,794.88
Cabo Verde,2055,Zero migration,766.082
Cabo Verde,2055,Constant mortality,696.145
Cabo Verde,2055,No change,714.348
Cabo Verde,2055,Momentum,777.525
Cabo Verde,2055,Instant replacement zero migration,822.572
Cabo Verde,2055,Median PI,739.804
Cabo Verde,2055,Upper 80 PI,789.509
Cabo Verde,2055,Lower 80 PI,691.297
Cabo Verde,2055,Upper 95 PI,818.398
Cabo Verde,2055,Lower 95 PI,661.609
Cabo Verde,2054,Medium,737.648
Cabo Verde,2054,High,819.207
Cabo Verde,2054,Low,660.886
Cabo Verde,2054,Constant fertility,755.12
Cabo Verde,2054,Instant replacement,790.264
Cabo Verde,2054,Zero migration,763.417
Cabo Verde,2054,Constant mortality,696.137
Cabo Verde,2054,No change,713.436
Cabo Verde,2054,Momentum,774.591
Cabo Verde,2054,Instant replacement zero migration,817.375
Cabo Verde,2054,Median PI,737.648
Cabo Verde,2054,Upper 80 PI,785.408
Cabo Verde,2054,Lower 80 PI,691.131
Cabo Verde,2054,Upper 95 PI,812.533
Cabo Verde,2054,Lower 95 PI,662.997
Cabo Verde,2053,Medium,735.335
Cabo Verde,2053,High,813.118
Cabo Verde,2053,Low,661.644
Cabo Verde,2053,Constant fertility,751.899
Cabo Verde,2053,Instant replacement,785.543
Cabo Verde,2053,Zero migration,760.6
Cabo Verde,2053,Constant mortality,695.926
Cabo Verde,2053,No change,712.332
Cabo Verde,2053,Momentum,771.509
Cabo Verde,2053,Instant replacement zero migration,812.073
Cabo Verde,2053,Median PI,735.335
Cabo Verde,2053,Upper 80 PI,780.916
Cabo Verde,2053,Lower 80 PI,690.33
Cabo Verde,2053,Upper 95 PI,806.862
Cabo Verde,2053,Lower 95 PI,663.779
Cabo Verde,2052,Medium,732.869
Cabo Verde,2052,High,806.99
Cabo Verde,2052,Low,662.192
Cabo Verde,2052,Constant fertility,748.541
Cabo Verde,2052,Instant replacement,780.716
Cabo Verde,2052,Zero migration,757.635
Cabo Verde,2052,Constant mortality,695.515
Cabo Verde,2052,No change,711.043
Cabo Verde,2052,Momentum,768.274
Cabo Verde,2052,Instant replacement zero migration,806.676
Cabo Verde,2052,Median PI,732.869
Cabo Verde,2052,Upper 80 PI,776.51
Cabo Verde,2052,Lower 80 PI,689.398
Cabo Verde,2052,Upper 95 PI,801.313
Cabo Verde,2052,Lower 95 PI,664.299
Cabo Verde,2051,Medium,730.244
Cabo Verde,2051,High,800.816
Cabo Verde,2051,Low,662.523
Cabo Verde,2051,Constant fertility,745.041
Cabo Verde,2051,Instant replacement,775.785
Cabo Verde,2051,Zero migration,754.505
Cabo Verde,2051,Constant mortality,694.918
Cabo Verde,2051,No change,709.586
Cabo Verde,2051,Momentum,764.895
Cabo Verde,2051,Instant replacement zero migration,801.179
Cabo Verde,2051,Median PI,730.244
Cabo Verde,2051,Upper 80 PI,772.208
Cabo Verde,2051,Lower 80 PI,688.444
Cabo Verde,2051,Upper 95 PI,795.422
Cabo Verde,2051,Lower 95 PI,664.768
Cabo Verde,2050,Medium,727.457
Cabo Verde,2050,High,794.596
Cabo Verde,2050,Low,662.637
Cabo Verde,2050,Constant fertility,741.398
Cabo Verde,2050,Instant replacement,770.756
Cabo Verde,2050,Zero migration,751.211
Cabo Verde,2050,Constant mortality,694.119
Cabo Verde,2050,No change,707.947
Cabo Verde,2050,Momentum,761.379
Cabo Verde,2050,Instant replacement zero migration,795.581
Cabo Verde,2050,Median PI,727.457
Cabo Verde,2050,Upper 80 PI,767.459
Cabo Verde,2050,Lower 80 PI,687.284
Cabo Verde,2050,Upper 95 PI,789.392
Cabo Verde,2050,Lower 95 PI,664.761
Cabo Verde,2049,Medium,724.501
Cabo Verde,2049,High,788.33
Cabo Verde,2049,Low,662.529
Cabo Verde,2049,Constant fertility,737.617
Cabo Verde,2049,Instant replacement,765.627
Cabo Verde,2049,Zero migration,747.758
Cabo Verde,2049,Constant mortality,693.11
Cabo Verde,2049,No change,706.126
Cabo Verde,2049,Momentum,757.725
Cabo Verde,2049,Instant replacement zero migration,789.894
Cabo Verde,2049,Median PI,724.501
Cabo Verde,2049,Upper 80 PI,762.514
Cabo Verde,2049,Lower 80 PI,685.938
Cabo Verde,2049,Upper 95 PI,783.683
Cabo Verde,2049,Lower 95 PI,664.286
Cabo Verde,2048,Medium,721.36
Cabo Verde,2048,High,781.995
Cabo Verde,2048,Low,662.183
Cabo Verde,2048,Constant fertility,733.692
Cabo Verde,2048,Instant replacement,760.404
Cabo Verde,2048,Zero migration,744.12
Cabo Verde,2048,Constant mortality,691.874
Cabo Verde,2048,No change,704.112
Cabo Verde,2048,Momentum,753.924
Cabo Verde,2048,Instant replacement zero migration,784.115
Cabo Verde,2048,Median PI,721.36
Cabo Verde,2048,Upper 80 PI,757.672
Cabo Verde,2048,Lower 80 PI,684.26
Cabo Verde,2048,Upper 95 PI,777.649
Cabo Verde,2048,Lower 95 PI,663.801
Cabo Verde,2047,Medium,718.032
Cabo Verde,2047,High,775.585
Cabo Verde,2047,Low,661.6
Cabo Verde,2047,Constant fertility,729.625
Cabo Verde,2047,Instant replacement,755.088
Cabo Verde,2047,Zero migration,740.292
Cabo Verde,2047,Constant mortality,690.409
Cabo Verde,2047,No change,701.913
Cabo Verde,2047,Momentum,749.976
Cabo Verde,2047,Instant replacement zero migration,778.24
Cabo Verde,2047,Median PI,718.032
Cabo Verde,2047,Upper 80 PI,752.646
Cabo Verde,2047,Lower 80 PI,682.478
Cabo Verde,2047,Upper 95 PI,771.18
Cabo Verde,2047,Lower 95 PI,663.182
Cabo Verde,2046,Medium,714.525
Cabo Verde,2046,High,769.102
Cabo Verde,2046,Low,660.789
Cabo Verde,2046,Constant fertility,725.413
Cabo Verde,2046,Instant replacement,749.679
Cabo Verde,2046,Zero migration,736.274
Cabo Verde,2046,Constant mortality,688.723
Cabo Verde,2046,No change,699.532
Cabo Verde,2046,Momentum,745.876
Cabo Verde,2046,Instant replacement zero migration,772.264
Cabo Verde,2046,Median PI,714.525
Cabo Verde,2046,Upper 80 PI,747.359
Cabo Verde,2046,Lower 80 PI,680.451
Cabo Verde,2046,Upper 95 PI,764.631
Cabo Verde,2046,Lower 95 PI,662.149
Cabo Verde,2045,Medium,710.87
Cabo Verde,2045,High,762.569
Cabo Verde,2045,Low,659.78
Cabo Verde,2045,Constant fertility,721.063
Cabo Verde,2045,Instant replacement,744.177
Cabo Verde,2045,Zero migration,732.086
Cabo Verde,2045,Constant mortality,686.834
Cabo Verde,2045,No change,696.958
Cabo Verde,2045,Momentum,741.62
Cabo Verde,2045,Instant replacement zero migration,766.176
Cabo Verde,2045,Median PI,710.87
Cabo Verde,2045,Upper 80 PI,742.06
Cabo Verde,2045,Lower 80 PI,678.296
Cabo Verde,2045,Upper 95 PI,758.296
Cabo Verde,2045,Lower 95 PI,661.165
Cabo Verde,2044,Medium,707.058
Cabo Verde,2044,High,755.967
Cabo Verde,2044,Low,658.575
Cabo Verde,2044,Constant fertility,716.585
Cabo Verde,2044,Instant replacement,738.587
Cabo Verde,2044,Zero migration,727.711
Cabo Verde,2044,Constant mortality,684.735
Cabo Verde,2044,No change,694.201
Cabo Verde,2044,Momentum,737.201
Cabo Verde,2044,Instant replacement zero migration,759.976
Cabo Verde,2044,Median PI,707.058
Cabo Verde,2044,Upper 80 PI,736.598
Cabo Verde,2044,Lower 80 PI,676.099
Cabo Verde,2044,Upper 95 PI,751.996
Cabo Verde,2044,Lower 95 PI,660.096
Cabo Verde,2043,Medium,703.079
Cabo Verde,2043,High,749.273
Cabo Verde,2043,Low,657.17
Cabo Verde,2043,Constant fertility,711.965
Cabo Verde,2043,Instant replacement,732.898
Cabo Verde,2043,Zero migration,723.146
Cabo Verde,2043,Constant mortality,682.429
Cabo Verde,2043,No change,691.264
Cabo Verde,2043,Momentum,732.602
Cabo Verde,2043,Instant replacement zero migration,753.654
Cabo Verde,2043,Median PI,703.079
Cabo Verde,2043,Upper 80 PI,730.956
Cabo Verde,2043,Lower 80 PI,673.813
Cabo Verde,2043,Upper 95 PI,745.636
Cabo Verde,2043,Lower 95 PI,658.11
Cabo Verde,2042,Medium,698.96
Cabo Verde,2042,High,742.499
Cabo Verde,2042,Low,655.604
Cabo Verde,2042,Constant fertility,707.211
Cabo Verde,2042,Instant replacement,727.108
Cabo Verde,2042,Zero migration,718.423
Cabo Verde,2042,Constant mortality,679.928
Cabo Verde,2042,No change,688.131
Cabo Verde,2042,Momentum,727.817
Cabo Verde,2042,Instant replacement zero migration,747.211
Cabo Verde,2042,Median PI,698.96
Cabo Verde,2042,Upper 80 PI,725.25
Cabo Verde,2042,Lower 80 PI,671.448
Cabo Verde,2042,Upper 95 PI,739.356
Cabo Verde,2042,Lower 95 PI,656.251
Cabo Verde,2041,Medium,694.697
Cabo Verde,2041,High,735.63
Cabo Verde,2041,Low,653.871
Cabo Verde,2041,Constant fertility,702.322
Cabo Verde,2041,Instant replacement,721.218
Cabo Verde,2041,Zero migration,713.522
Cabo Verde,2041,Constant mortality,677.217
Cabo Verde,2041,No change,684.799
Cabo Verde,2041,Momentum,722.836
Cabo Verde,2041,Instant replacement zero migration,740.633
Cabo Verde,2041,Median PI,694.697
Cabo Verde,2041,Upper 80 PI,719.693
Cabo Verde,2041,Lower 80 PI,668.895
Cabo Verde,2041,Upper 95 PI,733.282
Cabo Verde,2041,Lower 95 PI,654.564
Cabo Verde,2040,Medium,690.288
Cabo Verde,2040,High,728.655
Cabo Verde,2040,Low,651.975
Cabo Verde,2040,Constant fertility,697.295
Cabo Verde,2040,Instant replacement,715.218
Cabo Verde,2040,Zero migration,708.442
Cabo Verde,2040,Constant mortality,674.293
Cabo Verde,2040,No change,681.264
Cabo Verde,2040,Momentum,717.649
Cabo Verde,2040,Instant replacement zero migration,733.917
Cabo Verde,2040,Median PI,690.288
Cabo Verde,2040,Upper 80 PI,714.07
Cabo Verde,2040,Lower 80 PI,666.045
Cabo Verde,2040,Upper 95 PI,726.941
Cabo Verde,2040,Lower 95 PI,652.396
Cabo Verde,2039,Medium,685.74
Cabo Verde,2039,High,721.567
Cabo Verde,2039,Low,649.932
Cabo Verde,2039,Constant fertility,692.125
Cabo Verde,2039,Instant replacement,709.099
Cabo Verde,2039,Zero migration,703.206
Cabo Verde,2039,Constant mortality,671.172
Cabo Verde,2039,No change,677.529
Cabo Verde,2039,Momentum,712.255
Cabo Verde,2039,Instant replacement zero migration,727.064
Cabo Verde,2039,Median PI,685.74
Cabo Verde,2039,Upper 80 PI,707.987
Cabo Verde,2039,Lower 80 PI,662.885
Cabo Verde,2039,Upper 95 PI,720.027
Cabo Verde,2039,Lower 95 PI,650.165
Cabo Verde,2038,Medium,681.044
Cabo Verde,2038,High,714.354
Cabo Verde,2038,Low,647.74
Cabo Verde,2038,Constant fertility,686.826
Cabo Verde,2038,Instant replacement,702.865
Cabo Verde,2038,Zero migration,697.789
Cabo Verde,2038,Constant mortality,667.837
Cabo Verde,2038,No change,673.593
Cabo Verde,2038,Momentum,706.644
Cabo Verde,2038,Instant replacement zero migration,720.062
Cabo Verde,2038,Median PI,681.044
Cabo Verde,2038,Upper 80 PI,701.881
Cabo Verde,2038,Lower 80 PI,659.647
Cabo Verde,2038,Upper 95 PI,713.364
Cabo Verde,2038,Lower 95 PI,647.662
Cabo Verde,2037,Medium,676.185
Cabo Verde,2037,High,706.984
Cabo Verde,2037,Low,645.385
Cabo Verde,2037,Constant fertility,681.408
Cabo Verde,2037,Instant replacement,696.52
Cabo Verde,2037,Zero migration,692.172
Cabo Verde,2037,Constant mortality,664.261
Cabo Verde,2037,No change,669.459
Cabo Verde,2037,Momentum,700.813
Cabo Verde,2037,Instant replacement zero migration,712.912
Cabo Verde,2037,Median PI,676.185
Cabo Verde,2037,Upper 80 PI,695.643
Cabo Verde,2037,Lower 80 PI,656.215
Cabo Verde,2037,Upper 95 PI,706.352
Cabo Verde,2037,Lower 95 PI,645.119
Cabo Verde,2036,Medium,671.179
Cabo Verde,2036,High,699.461
Cabo Verde,2036,Low,642.89
Cabo Verde,2036,Constant fertility,675.862
Cabo Verde,2036,Instant replacement,690.054
Cabo Verde,2036,Zero migration,686.378
Cabo Verde,2036,Constant mortality,660.468
Cabo Verde,2036,No change,665.133
Cabo Verde,2036,Momentum,694.754
Cabo Verde,2036,Instant replacement zero migration,705.612
Cabo Verde,2036,Median PI,671.179
Cabo Verde,2036,Upper 80 PI,689.259
Cabo Verde,2036,Lower 80 PI,652.652
Cabo Verde,2036,Upper 95 PI,698.965
Cabo Verde,2036,Lower 95 PI,642.513
Cabo Verde,2035,Medium,666.035
Cabo Verde,2035,High,691.793
Cabo Verde,2035,Low,640.266
Cabo Verde,2035,Constant fertility,670.203
Cabo Verde,2035,Instant replacement,683.468
Cabo Verde,2035,Zero migration,680.414
Cabo Verde,2035,Constant mortality,656.464
Cabo Verde,2035,No change,660.616
Cabo Verde,2035,Momentum,688.471
Cabo Verde,2035,Instant replacement zero migration,698.168
Cabo Verde,2035,Median PI,666.035
Cabo Verde,2035,Upper 80 PI,682.876
Cabo Verde,2035,Lower 80 PI,649.034
Cabo Verde,2035,Upper 95 PI,691.866
Cabo Verde,2035,Lower 95 PI,639.683
Cabo Verde,2034,Medium,660.774
Cabo Verde,2034,High,683.999
Cabo Verde,2034,Low,637.539
Cabo Verde,2034,Constant fertility,664.448
Cabo Verde,2034,Instant replacement,676.779
Cabo Verde,2034,Zero migration,674.302
Cabo Verde,2034,Constant mortality,652.275
Cabo Verde,2034,No change,655.935
Cabo Verde,2034,Momentum,681.976
Cabo Verde,2034,Instant replacement zero migration,690.584
Cabo Verde,2034,Median PI,660.774
Cabo Verde,2034,Upper 80 PI,676.309
Cabo Verde,2034,Lower 80 PI,645.154
Cabo Verde,2034,Upper 95 PI,684.5
Cabo Verde,2034,Lower 95 PI,636.618
Cabo Verde,2033,Medium,655.419
Cabo Verde,2033,High,676.1
Cabo Verde,2033,Low,634.73
Cabo Verde,2033,Constant fertility,658.609
Cabo Verde,2033,Instant replacement,669.999
Cabo Verde,2033,Zero migration,668.063
Cabo Verde,2033,Constant mortality,647.915
Cabo Verde,2033,No change,651.1
Cabo Verde,2033,Momentum,675.294
Cabo Verde,2033,Instant replacement zero migration,682.88
Cabo Verde,2033,Median PI,655.419
Cabo Verde,2033,Upper 80 PI,669.707
Cabo Verde,2033,Lower 80 PI,641.167
Cabo Verde,2033,Upper 95 PI,676.966
Cabo Verde,2033,Lower 95 PI,633.305
Cabo Verde,2032,Medium,649.957
Cabo Verde,2032,High,668.084
Cabo Verde,2032,Low,631.826
Cabo Verde,2032,Constant fertility,652.7
Cabo Verde,2032,Instant replacement,663.141
Cabo Verde,2032,Zero migration,661.693
Cabo Verde,2032,Constant mortality,643.386
Cabo Verde,2032,No change,646.126
Cabo Verde,2032,Momentum,668.442
Cabo Verde,2032,Instant replacement zero migration,675.076
Cabo Verde,2032,Median PI,649.958
Cabo Verde,2032,Upper 80 PI,662.999
Cabo Verde,2032,Lower 80 PI,637.253
Cabo Verde,2032,Upper 95 PI,669.57
Cabo Verde,2032,Lower 95 PI,629.734
Cabo Verde,2031,Medium,644.431
Cabo Verde,2031,High,660.25
Cabo Verde,2031,Low,628.607
Cabo Verde,2031,Constant fertility,646.743
Cabo Verde,2031,Instant replacement,656.225
Cabo Verde,2031,Zero migration,655.216
Cabo Verde,2031,Constant mortality,638.736
Cabo Verde,2031,No change,641.044
Cabo Verde,2031,Momentum,661.428
Cabo Verde,2031,Instant replacement zero migration,667.174
Cabo Verde,2031,Median PI,644.43
Cabo Verde,2031,Upper 80 PI,656.151
Cabo Verde,2031,Lower 80 PI,633.108
Cabo Verde,2031,Upper 95 PI,662.067
Cabo Verde,2031,Lower 95 PI,626.258
Cabo Verde,2030,Medium,638.84
Cabo Verde,2030,High,652.601
Cabo Verde,2030,Low,625.074
Cabo Verde,2030,Constant fertility,640.745
Cabo Verde,2030,Instant replacement,649.258
Cabo Verde,2030,Zero migration,648.635
Cabo Verde,2030,Constant mortality,633.962
Cabo Verde,2030,No change,635.865
Cabo Verde,2030,Momentum,654.271
Cabo Verde,2030,Instant replacement zero migration,659.188
Cabo Verde,2030,Median PI,638.84
Cabo Verde,2030,Upper 80 PI,649.295
Cabo Verde,2030,Lower 80 PI,628.841
Cabo Verde,2030,Upper 95 PI,654.536
Cabo Verde,2030,Lower 95 PI,622.916
Cabo Verde,2029,Medium,633.178
Cabo Verde,2029,High,644.875
Cabo Verde,2029,Low,621.477
Cabo Verde,2029,Constant fertility,634.71
Cabo Verde,2029,Instant replacement,642.251
Cabo Verde,2029,Zero migration,641.955
Cabo Verde,2029,Constant mortality,629.068
Cabo Verde,2029,No change,630.6
Cabo Verde,2029,Momentum,646.995
Cabo Verde,2029,Instant replacement zero migration,651.133
Cabo Verde,2029,Median PI,633.178
Cabo Verde,2029,Upper 80 PI,642.369
Cabo Verde,2029,Lower 80 PI,624.515
Cabo Verde,2029,Upper 95 PI,647.042
Cabo Verde,2029,Lower 95 PI,619.3
Cabo Verde,2028,Medium,627.467
Cabo Verde,2028,High,637.095
Cabo Verde,2028,Low,617.837
Cabo Verde,2028,Constant fertility,628.662
Cabo Verde,2028,Instant replacement,635.22
Cabo Verde,2028,Zero migration,635.198
Cabo Verde,2028,Constant mortality,624.078
Cabo Verde,2028,No change,625.269
Cabo Verde,2028,Momentum,639.614
Cabo Verde,2028,Instant replacement zero migration,643.027
Cabo Verde,2028,Median PI,627.468
Cabo Verde,2028,Upper 80 PI,635.358
Cabo Verde,2028,Lower 80 PI,620.085
Cabo Verde,2028,Upper 95 PI,639.493
Cabo Verde,2028,Lower 95 PI,615.63
Cabo Verde,2027,Medium,621.716
Cabo Verde,2027,High,629.269
Cabo Verde,2027,Low,614.163
Cabo Verde,2027,Constant fertility,622.613
Cabo Verde,2027,Instant replacement,628.18
Cabo Verde,2027,Zero migration,628.364
Cabo Verde,2027,Constant mortality,619.008
Cabo Verde,2027,No change,619.9
Cabo Verde,2027,Momentum,632.153
Cabo Verde,2027,Instant replacement zero migration,634.88
Cabo Verde,2027,Median PI,621.716
Cabo Verde,2027,Upper 80 PI,628.372
Cabo Verde,2027,Lower 80 PI,615.622
Cabo Verde,2027,Upper 95 PI,631.9
Cabo Verde,2027,Lower 95 PI,611.971
Cabo Verde,2026,Medium,615.948
Cabo Verde,2026,High,621.812
Cabo Verde,2026,Low,610.085
Cabo Verde,2026,Constant fertility,616.576
Cabo Verde,2026,Instant replacement,621.146
Cabo Verde,2026,Zero migration,621.479
Cabo Verde,2026,Constant mortality,613.89
Cabo Verde,2026,No change,614.516
Cabo Verde,2026,Momentum,624.633
Cabo Verde,2026,Instant replacement zero migration,626.711
Cabo Verde,2026,Median PI,615.948
Cabo Verde,2026,Upper 80 PI,621.375
Cabo Verde,2026,Lower 80 PI,611.059
Cabo Verde,2026,Upper 95 PI,624.176
Cabo Verde,2026,Lower 95 PI,608.171
Cabo Verde,2025,Medium,610.209
Cabo Verde,2025,High,614.771
Cabo Verde,2025,Low,605.646
Cabo Verde,2025,Constant fertility,610.583
Cabo Verde,2025,Instant replacement,614.149
Cabo Verde,2025,Zero migration,614.564
Cabo Verde,2025,Constant mortality,608.761
Cabo Verde,2025,No change,609.136
Cabo Verde,2025,Momentum,617.066
Cabo Verde,2025,Instant replacement zero migration,618.523
Cabo Verde,2025,Median PI,610.209
Cabo Verde,2025,Upper 80 PI,614.371
Cabo Verde,2025,Lower 80 PI,606.469
Cabo Verde,2025,Upper 95 PI,616.456
Cabo Verde,2025,Lower 95 PI,604.272
Cabo Verde,2024,Medium,604.461
Cabo Verde,2024,High,607.721
Cabo Verde,2024,Low,601.201
Cabo Verde,2024,Constant fertility,604.64
Cabo Verde,2024,Instant replacement,607.191
Cabo Verde,2024,Zero migration,607.592
Cabo Verde,2024,Constant mortality,603.601
Cabo Verde,2024,No change,603.78
Cabo Verde,2024,Momentum,609.475
Cabo Verde,2024,Instant replacement zero migration,610.331
Cabo Verde,2024,Median PI,604.461
Cabo Verde,2024,Upper 80 PI,607.373
Cabo Verde,2024,Lower 80 PI,601.841
Cabo Verde,2024,Upper 95 PI,608.884
Cabo Verde,2024,Lower 95 PI,600.322
Cabo Verde,2023,Medium,598.682
Cabo Verde,2023,High,600.639
Cabo Verde,2023,Low,596.725
Cabo Verde,2023,Constant fertility,598.735
Cabo Verde,2023,Instant replacement,600.266
Cabo Verde,2023,Zero migration,600.567
Cabo Verde,2023,Constant mortality,598.399
Cabo Verde,2023,No change,598.452
Cabo Verde,2023,Momentum,601.872
Cabo Verde,2023,Instant replacement zero migration,602.154
Cabo Verde,2023,Median PI,598.682
Cabo Verde,2023,Upper 80 PI,600.378
Cabo Verde,2023,Lower 80 PI,597.107
Cabo Verde,2023,Upper 95 PI,601.318
Cabo Verde,2023,Lower 95 PI,596.266
Cabo Verde,2022,Medium,593.149
Cabo Verde,2022,High,593.802
Cabo Verde,2022,Low,592.497
Cabo Verde,2022,Constant fertility,593.149
Cabo Verde,2022,Instant replacement,593.659
Cabo Verde,2022,Zero migration,593.776
Cabo Verde,2022,Constant mortality,593.149
Cabo Verde,2022,No change,593.149
Cabo Verde,2022,Momentum,594.286
Cabo Verde,2022,Instant replacement zero migration,594.286
Cabo Verde,2022,Median PI,593.15
Cabo Verde,2022,Upper 80 PI,593.703
Cabo Verde,2022,Lower 80 PI,592.617
Cabo Verde,2022,Upper 95 PI,594.023
Cabo Verde,2022,Lower 95 PI,592.351
Cabo Verde,2021,Medium,587.925
Cabo Verde,2020,Medium,582.64
Cabo Verde,2019,Medium,577.03
Cabo Verde,2018,Medium,571.202
Cabo Verde,2017,Medium,564.954
Cabo Verde,2016,Medium,558.394
Cabo Verde,2015,Medium,552.166
Cabo Verde,2014,Medium,546.076
Cabo Verde,2013,Medium,539.94
Cabo Verde,2012,Medium,533.864
Cabo Verde,2011,Medium,527.521
Cabo Verde,2010,Medium,521.212
Cabo Verde,2009,Medium,515.638
Cabo Verde,2008,Medium,510.336
Cabo Verde,2007,Medium,504.733
Cabo Verde,2006,Medium,498.884
Cabo Verde,2005,Medium,492.827
Cabo Verde,2004,Medium,486.583
Cabo Verde,2003,Medium,480.089
Cabo Verde,2002,Medium,473.231
Cabo Verde,2001,Medium,465.958
Cabo Verde,2000,Medium,458.251
Cabo Verde,1999,Medium,449.627
Cabo Verde,1998,Medium,440.214
Cabo Verde,1997,Medium,430.654
Cabo Verde,1996,Medium,421.007
Cabo Verde,1995,Medium,411.382
Cabo Verde,1994,Medium,401.655
Cabo Verde,1993,Medium,391.749
Cabo Verde,1992,Medium,381.947
Cabo Verde,1991,Medium,372.721
Cabo Verde,1990,Medium,364.563
Cabo Verde,1989,Medium,358.15
Cabo Verde,1988,Medium,353.233
Cabo Verde,1987,Medium,348.718
Cabo Verde,1986,Medium,344.271
Cabo Verde,1985,Medium,339.874
Cabo Verde,1984,Medium,335.473
Cabo Verde,1983,Medium,330.971
Cabo Verde,1982,Medium,326.319
Cabo Verde,1981,Medium,321.634
Cabo Verde,1980,Medium,317.234
Cabo Verde,1979,Medium,313.995
Cabo Verde,1978,Medium,311.685
Cabo Verde,1977,Medium,309.389
Cabo Verde,1976,Medium,307.015
Cabo Verde,1975,Medium,304.375
Cabo Verde,1974,Medium,301.682
Cabo Verde,1973,Medium,299.191
Cabo Verde,1972,Medium,296.818
Cabo Verde,1971,Medium,293.505
Cabo Verde,1970,Medium,287.262
Cabo Verde,1969,Medium,278.524
Cabo Verde,1968,Medium,269.408
Cabo Verde,1967,Medium,260.648
Cabo Verde,1966,Medium,252.238
Cabo Verde,1965,Medium,244.156
Cabo Verde,1964,Medium,236.362
Cabo Verde,1963,Medium,228.814
Cabo Verde,1962,Medium,221.484
Cabo Verde,1961,Medium,214.788
Cabo Verde,1960,Medium,209.849
Cabo Verde,1959,Medium,206.15
Cabo Verde,1958,Medium,202.736
Cabo Verde,1957,Medium,199.86
Cabo Verde,1956,Medium,197.459
Cabo Verde,1955,Medium,195.389
Cabo Verde,1954,Medium,193.466
Cabo Verde,1953,Medium,191.523
Cabo Verde,1952,Medium,189.468
Cabo Verde,1951,Medium,187.255
Cabo Verde,1950,Medium,184.999